Workbook

Sheet Listings
A1: Address | B1: Status | C1: Price | D1: Beds | E1: Baths | F1: Sqft | G1: Property Type | H1: Year Built | I1: House Age (yrs) | J1: Lot Size | K1: Price/Sqft | L1: Zestimate | M1: HOA/mo | N1: Annual Taxes | O1: Date on Market | P1: Days on Zillow | Q1: Views | R1: Saves | S1: Highlights | T1: Full Description | U1: Source URL
A2: 422 South Main Street, West Hartford, CT 06110 | B2: For sale | C2: 339000 | D2: 2 | E2: 1 | F2: 1038 | G2: Single Family Residence | H2: 1954 | I2: =IF(ISNUMBER(H2),2026-H2,"") | J2: 0.26 Acres | K2: 327 | N2: 6476 | O2: 2026-03-23 | P2: 2 days | Q2: 1626 | R2: 50 | S2: Attached one-car garage; tile flooring; breakfast bar; stylish backsplash; spacious lower level; replacement windows; hardwood floors | T2: Welcome to 422 South Main Street, a charming, well-maintained ranch that offers an incredible entry point into West Hartford. This move-in-ready home features beautiful hardwood floors, replacement windows, updated counters, tile flooring, a stylish backsplash, breakfast bar, movable island, attached one-car garage, and a spacious lower level with expansion potential. Although the address is on South Main, access is via a private lane off Winthrop Road for a more private feel. The elevated backyard area offers space for gardening, games, or relaxing. | U2: https://www.zillow.com/homedetails/422-S-Main-St-West-Hartford-CT-06110/57783557_zpid/
A3: 115 Mayflower Street, West Hartford, CT 06110 | B3: For sale | C3: 345000 | D3: 3 | E3: 2 | F3: 1096 | G3: Single Family Residence | H3: 1943 | I3: =IF(ISNUMBER(H3),2026-H3,"") | J3: 10,018.8 sq ft | K3: 315 | N3: 5509 | O3: 2026-03-23 | P3: 2 days | Q3: 1362 | R3: 29 | S3: Butcher block counters; spacious yard; stainless steel appliances; leased through 8/15/26 | T3: Attention investors: this single-family home is leased with a quality tenant through 8/15/26 at $2,575 plus utilities. The tenant handles lawn care and snow removal, making this a turn-key investment opportunity. The home features 3 bedrooms plus a home office (or 4th bedroom option), 2 full bathrooms, an open flow between the living room, dining room, and kitchen, and hardwood floors in most rooms. | U3: https://www.zillow.com/homedetails/115-Mayflower-St-West-Hartford-CT-06110/174205021_zpid/
A4: 84 High Farms Road, West Hartford, CT 06107 | B4: For sale | C4: 850000 | D4: 4 | E4: 3 | F4: 2598 | G4: Single Family Residence | H4: 1956 | I4: =IF(ISNUMBER(H4),2026-H4,"") | J4: 0.90 Acres | K4: 327 | N4: 17833 | O4: 2026-03-19 | P4: 6 days | Q4: 4913 | R4: 180 | S4: Updated layout; southern exposure; expansive windows; 2 attached garage spaces | T4: A beautifully updated and thoughtfully designed home near the top of one of West Hartford's most desirable streets. Offering over 2,600 square feet of living space, this 4-bedroom, 2.5-bath residence is filled with natural light thanks to southern exposure and expansive windows throughout. The listing description shown on Zillow is truncated in the parsed page. | U4: https://www.zillow.com/homedetails/84-High-Farms-Rd-West-Hartford-CT-06107/57778884_zpid/
A5: 225 Auburn Road, West Hartford, CT 06119 | B5: For sale | C5: 550000 | D5: 4 | E5: 3 | F5: 2006 | G5: Single Family Residence | H5: 1935 | I5: =IF(ISNUMBER(H5),2026-H5,"") | J5: 9,147.6 sq ft | K5: 274 | N5: 11090 | O5: 2026-03-25 | P5: 15 minutes | Q5: 137 | R5: 8 | S5: Central air; cathedral ceiling; natural light; inviting family room; fresh neutral paint palette; wood stove | T5: A meticulously maintained 2,006-square-foot Colonial that blends classic New England charm with modern convenience. Located near Morley Elementary School and Trout Brook Trail, the home offers strong access to West Hartford Center and Blue Back Square. The listing highlights central air, cathedral ceiling, great natural light, an inviting family room, fresh neutral paint, and a wood stove for heat. | U5: https://www.zillow.com/homedetails/225-Auburn-Rd-West-Hartford-CT-06119/59023314_zpid/
A6: 344 North Steele Road, West Hartford, CT 06117 | B6: For sale | C6: 799000 | D6: 5 | E6: 4 | F6: 3459 | G6: Single Family Residence | H6: 1936 | I6: =IF(ISNUMBER(H6),2026-H6,"") | J6: 0.33 Acres | K6: 231 | L6: 970100 | N6: 18532 | O6: 2026-03-25 | P6: 9 hours | Q6: 1995 | R6: 95 | S6: Grand Tudor brick; Hartford Golf Club Historic District; slate roof; hardwood floors; front and back staircases | T6: Grand Tudor brick home in the Hartford Golf Club Historic District, steps from Elizabeth Park. This 3,459-square-foot residence features a beautifully maintained slate roof, hardwood floors, front and back staircases, and significant updates including a new energy-efficient natural gas furnace/central air system with heat pump, humidifier, HEPA filters, smart thermostat, new 75-gallon water heater, and fresh interior and exterior paint. | U6: https://www.zillow.com/homedetails/344-N-Steele-Rd-West-Hartford-CT-06117/57781285_zpid/
A7: 85 Bloomfield Avenue, West Hartford, CT 06105 | B7: For sale | C7: 1050000 | D7: 9 | E7: 7 | F7: 6291 | G7: Single Family Residence | H7: 1915 | I7: =IF(ISNUMBER(H7),2026-H7,"") | J7: 1.9 Acres | K7: 167 | L7: 1523200 | N7: 33634 | O7: 2026-03-25 | P7: 3 hours | Q7: 848 | R7: 45 | S7: Classic columns; soaring ceilings; two-car garage; sun-filled sunroom; butler's pantry; greenhouse; covered patio | T7: A Colonial Revival residence with stately facades, classic columns, and detailed doorways. Built during Hartford's period of urban expansion, the home pairs thick masonry walls with elegant interior spaces, soaring ceilings, and refined architectural details. The listing notes 9 bedrooms and 5 full baths, an oversized commercial-grade range, abundant cabinetry, a butler's pantry, sun-filled sunroom, first-floor office with bookcases, greenhouse, covered patio, and 1.9 acres on a private road. | U7: https://www.zillow.com/homedetails/85-Bloomfield-Ave-West-Hartford-CT-06105/111442598_zpid/
A8: 1 King Philip Drive #301, West Hartford, CT 06117 | B8: For sale | C8: 349000 | D8: 2 | E8: 2 | F8: 1211 | G8: Condominium | H8: 2007 | I8: =IF(ISNUMBER(H8),2026-H8,"") | K8: 288 | M8: 775 | N8: 7388 | O8: 2026-03-25 | P8: 8 hours | Q8: 302 | R8: 14 | S8: End unit; new 2024 HVAC; high ceilings; granite kitchen; stainless appliances; gas fireplace; elevator access; detached garage | T8: Highly desirable end unit in the Somerset community with windows on all sides and updates throughout. New heating and AC equipment were completed in 2024. The condo features high ceilings, crown moldings, California closets, an open floor plan, granite countertops, stainless steel appliances, breakfast bar, bay window, breakfast nook, hardwood floors, cozy gas fireplace, primary suite with double sink vanity, in-unit laundry, central air, elevator access, and a detached garage. | U8: https://www.zillow.com/homedetails/1-King-Philip-Dr-UNIT-301-West-Hartford-CT-06117/82392461_zpid/
A9: 50 Hillcrest Avenue, West Hartford, CT 06110 | B9: For sale | C9: 259900 | D9: 2 | E9: 1 | F9: 768 | G9: Single Family Residence | H9: 1952 | I9: =IF(ISNUMBER(H9),2026-H9,"") | J9: 4,356 sq ft | K9: 338 | N9: 5175 | O9: 2026-02-18 | P9: 34 days | Q9: 4381 | R9: 166 | S9: Quiet neighborhood; hardwood floors; bright living spaces; one-level layout | T9: Tucked into a quiet West Hartford neighborhood, this home offers easy one-level living. Hardwood floors run through much of the main level, natural light brightens the living spaces, and the layout includes 2 bedrooms and 1 full bath. The listing emphasizes comfortable living and practical layout at an accessible price point. | U9: https://www.zillow.com/homedetails/50-Hillcrest-Ave-West-Hartford-CT-06110/57779009_zpid/
A10: 41 Timberwood Road #41, West Hartford, CT 06117 | B10: For sale | C10: 490000 | D10: 2 | E10: 3 | F10: 2091 | G10: Condominium / Townhouse | H10: 1986 | I10: =IF(ISNUMBER(H10),2026-H10,"") | K10: 234 | L10: 486200 | M10: 895 | N10: 10770 | O10: 2026-03-18 | P10: 6 days | Q10: 2557 | R10: 118 | S10: Luxury ranch-style condo; main-level primary suite; cathedral ceilings; skylights; solarium; quartz kitchen; rebuilt decks | T10: Turn-key ranch-style luxury condo in Steeplechase with a main-level primary suite. The home features dramatic cathedral ceilings, abundant skylights, a four-season solarium, vaulted second-floor loft, hardwood floors, fresh paint, modernized fixtures, quartz countertops, upgraded appliances, refreshed bathrooms, two rebuilt decks, new shake siding, waterproofed basement, and partially finished lower level space suitable for a game room, craft area, office, or gym. | U10: https://www.zillow.com/homedetails/41-Timberwood-Rd-UNIT-41-West-Hartford-CT-06117/2078525825_zpid/
A11: 60 Fox Chase Lane, West Hartford, CT 06107 | B11: For sale | C11: 1249000 | D11: 5 | E11: 3 | F11: 4000 | G11: Single Family Residence | H11: 1973 | I11: =IF(ISNUMBER(H11),2026-H11,"") | J11: 0.3 Acres | K11: 312 | N11: 16818 | O11: 2026-03-06 | P11: 19 days | Q11: 8924 | R11: 163 | S11: Stone fireplace; in-ground pool; pool house; patio; bright main living areas | T11: The home features 5 bedrooms and 2.5 bathrooms with a thoughtfully designed layout suited for everyday living and entertaining. Bright main living areas flow through the house, a family room with stone fireplace adds warmth and character, and outdoor amenities include an in-ground pool, pool house, and patio for additional outdoor living space. | U11: https://www.zillow.com/homedetails/60-Fox-Chase-Ln-West-Hartford-CT-06107/57778130_zpid/
A12: 75 Bloomfield Avenue, West Hartford, CT 06105 | B12: For sale | C12: 1395000 | D12: 7 | E12: 6 | F12: 5507 | G12: Single Family Residence | H12: 1924 | I12: =IF(ISNUMBER(H12),2026-H12,"") | J12: 1.56 Acres | K12: 253 | N12: 26721 | O12: 2026-03-05 | P12: 20 days | Q12: 5800 | R12: 220 | S12: Brick Colonial; heated in-ground pool; renovated island kitchen; Viking/Subzero appliances; custom built-ins; fenced yard | T12: Spectacular 1924 brick Colonial tucked away on a private lane off Bloomfield Avenue. The home blends timeless architecture with versatile living spaces, including a gracious foyer, sweeping staircase, expansive patio with stone walls, 1.5-acre landscaped property with heated in-ground pool, custom built-ins, wood-burning fireplace, formal dining room, and beautifully renovated island kitchen with Viking and Subzero appliances, white cabinetry, walk-in pantry, and quartz plus granite countertops. | U12: https://www.zillow.com/homedetails/75-Bloomfield-Ave-West-Hartford-CT-06105/57775324_zpid/
A13: 342 S Main Street, West Hartford, CT 06107 | B13: For sale (price cut 3/24) | C13: 589000 | D13: 3 | E13: 2 | F13: 1837 | G13: Single Family Residence | H13: 1940 | I13: =IF(ISNUMBER(H13),2026-H13,"") | J13: 9,147.6 sq ft | K13: 321 | L13: 613600 | N13: 9606 | O13: 2026-02-07 | P13: 46 days | Q13: 4439 | R13: 101 | S13: Cape Cod styling; Doric columns; crown moldings; built-ins; solar panels; attached garage | T13: A classic New England Cape Cod with treble dog house dormers and more character than expected inside. The home features warm wood floors, graceful Doric columns, crown moldings, and thoughtful built-ins. Recent solar panels help reduce electric bills, and the listing highlights attached garage parking plus quality millwork and solid wood doors. | U13: https://www.zillow.com/homedetails/342-S-Main-St-West-Hartford-CT-06107/58156844_zpid/
A14: 19 Westfield Road, West Hartford, CT 06119 | B14: Coming soon 04/01 | C14: 525000 | D14: 4 | E14: 2 | F14: 1800 | G14: Single Family Residence | H14: 1921 | I14: =IF(ISNUMBER(H14),2026-H14,"") | J14: 8,276.4 sq ft | K14: 292 | N14: 10260 | O14: 2026-03-25 | P14: 2 hours | Q14: 675 | R14: 50 | S14: Walkable location; 2 fireplaces; beautiful landscaping; entertaining backyard | T14: Located in a walkable part of West Hartford near West Hartford Center, Blue Back Square, Elizabeth Park, and Fernridge Park. The listing describes Westfield Road as a charming street of similar Colonial homes. The property offers 4 bedrooms, 2 fireplaces, beautiful landscaping, and a backyard made for entertaining. | U14: https://www.zillow.com/homedetails/19-Westfield-Rd-West-Hartford-CT-06119/57785049_zpid/

Sheet Summary
A1: West Hartford Zillow Database
A2: Compiled from user-provided Zillow listing URLs
A3: Snapshot date | B3: 2026-03-25
A5: Metric | B5: Value
A6: Listing count | B6: =ROWS(Listings!A2:A14)
A7: Average price | B7: =AVERAGE(Listings!C2:C14)
A8: Median price | B8: =MEDIAN(Listings!C2:C14)
A9: Average beds | B9: =AVERAGE(Listings!D2:D14)
A10: Average baths | B10: =AVERAGE(Listings!E2:E14)
A11: Average sqft | B11: =AVERAGE(Listings!F2:F14)
A12: Average age | B12: =AVERAGE(Listings!I2:I14)
A13: Average annual taxes | B13: =AVERAGE(Listings!N2:N14)
A14: Average price/sqft | B14: =AVERAGE(Listings!K2:K14)
A16: Notes
A17: House Age uses 2026 - Year Built.
A18: Some Zillow descriptions were truncated in the parsed webpage output; those rows were summarized from available text.
A19: Source URL column links back to each original Zillow page.
